Name,ID
VDPBestVideoDownloader,acdfdofofabmipgcolilkfhnpoclgpdd
Y2MateVideoDownloader,oobppndjaabcidladjeehddkgkccfcpn
AddScript,aonedlchkbicmhepimiahfalheedjgbh
FortiVPN,ccollcihnnpcbjcgcjfmabegkpbehnip
ManusAIFreeAIAssistant,aeibljandkelbcaaemkdnbaacppjdmom
SiteStats,fcfmhlijjmckglejcgdclfneafoehafm
ClothingBrandNameGenerator,abbngaojehjekanfdipifimgmppiojpl
DeBankDigitalAssets,dohmiglipinohflhapdagfgbldhmoojl
AMLSectorFreeCryptoAMLChecker,acmiibcdcmaghndcahglamnhnlmcmlng
CryptoWhalesVision,mipophmjfhpecleajkijfifmffcjdiac
CalendlyDailyFreeMeetingSchedulingSoftware,cknmibbkfbephciofemdjndbgebggnkc
CalendlyDocketFreeMeetingSchedulingSoftware,gmigkpkjegnpmjpmnmgnkhmoinpgdnfc
CreativeHunterFreetoolforFacebook,ahgccenjociolkbpgbfibmfclcfnlaei
TwinWeb,kjhjnbdjonamibpaalanflmidplhiehe
EventSphere,pobknfocgoijjmokmhimkfhemcnigdji
SQLitebrowser,iclckldkfemlnecocpphinnplnmijkol
DeepSeekAIChat,jmpcodajbcpgkebjipbmjdoboehfiddd
AISentenceRewriter,ihdnbohcfnegemgomjcpckmpnkdgopon
ConvertPDFtoJPG,oeefjlikahigmlnplgijgeeecbpemhip
HTMLvalidator,aofddmgnidinflambjlfkpboeamdldbd
CMSChecker,acchdggcflgidjdcnhnnkfengdcmldae
Hourlytosalarycalculatorâ€‹,albakpncdngcejcjdahomfbkakbmafgb
CSSvalidator,hhlcpmdhlcoghhfgiiopcjbkfmdliknc
Emailcheckerverifyemailaddressin1click,eheagnmidghfknkcaehacggccfiidhik
CryptoWhaleAlertBlockchainTransactionData,ckcfkaikieiicfdeomgehmnjglnofhde
WebAnalyticsWebsiteTraffic&SEOChecker,pbpobpjppnecgcinajfpaninmjkdbidm
AdVisionFreeAdSpytoolforFacebook,gdfjahfbaillhkeigeinoomhjnfajbon
MadgicxPlusTheSuperAppforMetaAdvertisers,eoalbaojjblgndkffciljmiddhgjdldh
SimilarNetWebsiteTraffic&SEOChecker,odhmhkkhpibfjijmpgcdjondompgocog
MetaSpyFreeAdSpytoolforFacebook,ohhhngpnknpdhmdmpmoccgjmmkkleipn
FreeVPNRaccoonUnlimitedVPN,nejfdccopmpimplhmmdfjobodgeaoihd
FreeVPNOrchidUnlimitedVPN,dhhmopcmpiadcgchhhldcpoeppcofdic
VPNFreeSoulVPNUnlimitedVPNProxy,ffmfnniephcagojkpjddjiogjeoijjgl
Websitemonitoring,nabbdpjneieneepdfnmkdhooellilgho
AIWriter,mldeggofnfaiinachdeidpecmflffoam
AIAdGenerator,pndmbpnfolikhfnfnkmjkkpcgkmaibec
HeadlineGenerator,elipckbifniceedgalakgnmgeimfdcdi
WebWatch,kkgmdjjpobmenpkhcclceelekpbnnana
YoutubeVision,dcnjgfafcnopabhpgoekkgckgkkddpjg
WebMetricsWebsiteTraffic&SEOChecker,mllkmmdaapekjehapekhjjiednchgmag
Bitcoinpricelive,bhahpmoebdipfoaadcclkcnieeokebnf
Linkshortener,oliiideaalkijolilhhaibhbjfhbdcnm
VPNCity,nnpnnpemnckcfdebeekibpiijlicmpom
ParrotTalks,kkodiihpgodmdankclfibbiphjkfdenh
Uvoice,oaikpkmjciadfpddlpjjdapglcihgdle
InternxtVPN,dpggmcodlahmljkhlmpgpdcffdaoccni
BookmarkFaviconChanger,acmfnomgphggonodopogfbmkneepfgnh
Castorus,mnhffkhmpnefgklngfmlndmkimimbphc
WayinAI,cedgndijpacnfbdggppddacngjfdkaca
SearchCopilotAIAssistantforChrome,eodojedcgoicpkfcjkhghafoadllibab
VidHelperVideoDownloader,emdoaoonidndlhjhjfgiooeinkkcnfih
MonicaChatGPTAIAssistant,ofpnmcalabcbjgholdjcjblkibolbppb
CopilotAIAssistantPoweredbyChatGPT,kkhpnmhogcfeboepoempiimfbonppocg
ChatsNowChatGPTAISidebar,hcmiiaachajoiijecmakkhlcpagafklj
ChatGPTforGoogle,jgjaeacdkonaoafenlfkkkmbaopkbilf
TinaMindTheGPT4opoweredAIAssistant,befflofjcniongenjmbkgkoljhgliihe
ChatGPTSummaryAssistant,nnjcoododbeemlmmhbfmmkbneniepaog
ChatGPTSummarysummarizeassistant,mikcekmbahpbehdpakenaknkkedeonhf
YesCaptchaassistant,jiofmdifioeejeilfkpegipdjiopiekl
ChatGPTAssistantSmartSearch,opngpmnmajecahkfibkbdkfckibnpajd
EmailHunter,hgmhmanijnjhaffoampdlllchpolkdnj
